dataset,horizon,period,cycles,regularization,revin,tau_cycles,parameters,lookback,test_mse,test_mae,test_origins,test_elements,validation_mse
ETTh1,96,24,30,30.0,0,14.0,31,720,0.35288858625195707,0.3925710458329708,2785,1871520,0.6329778989649953
ETTh1,192,24,30,30.0,0,14.0,31,720,0.385865585628584,0.4161600396390781,2689,3614016,0.8281097160574018
ETTh1,336,24,30,30.0,0,14.0,31,720,0.4057726688614662,0.43273617746528914,2545,5985840,1.0104472424519184
ETTh1,720,24,30,30.0,0,14.0,31,720,0.4314675261612615,0.4675017150118269,2161,10891440,1.2369377391950604
ETTh2,96,24,30,10.0,1,14.0,31,720,0.28348502636050754,0.3355740481267908,2785,1871520,0.2127719412832227
ETTh2,192,24,30,10.0,1,14.0,31,720,0.3416369532832285,0.37540124204157227,2689,3614016,0.281825268553486
ETTh2,336,24,30,10.0,1,14.0,31,720,0.3687292860839324,0.4000432613738584,2545,5985840,0.3823237145885527
ETTh2,720,24,30,10.0,1,14.0,31,720,0.3905453441766548,0.42707493760423026,2161,10891440,0.6526119943536293
ETTm1,96,96,7,0.0,0,1.0,8,672,0.30705358480709727,0.35144225914620614,11425,7677600,0.3809421892892756
ETTm1,192,96,7,0.0,0,1.0,8,672,0.3340747559637878,0.3659668811760923,11329,15226176,0.4993339682518503
ETTm1,336,96,7,0.0,0,1.0,8,672,0.36243438289580654,0.3826927742403989,11185,26307120,0.6416035903617757
ETTm1,720,96,7,0.0,0,1.0,8,672,0.41472978083007456,0.41460804538208107,10801,54437040,0.8898805783440724
ETTm2,96,96,7,3.0,1,3.0,8,672,0.17201479472289585,0.258122293275033,11425,7677600,0.12031879060794785
ETTm2,192,96,7,3.0,1,3.0,8,672,0.2238293472027898,0.2936692642935114,11329,15226176,0.15746594591898413
ETTm2,336,96,7,3.0,1,3.0,8,672,0.2742505779311754,0.32698427898653826,11185,26307120,0.19707688876054857
ETTm2,720,96,7,3.0,1,3.0,8,672,0.36236158483615044,0.3813152460196384,10801,54437040,0.26410279764074107
Weather,96,24,30,0.0,0,3.0,31,720,0.18094096770622306,0.24092588812170096,10444,21055104,0.43676365712592385
Weather,192,24,30,0.0,0,3.0,31,720,0.22197151234160156,0.27658193457658353,10348,41723136,0.4881334240113882
Weather,336,24,30,0.0,0,3.0,31,720,0.26563024983462225,0.31255579880957185,10204,71999424,0.5421736618127144
Weather,720,24,30,0.0,0,3.0,31,720,0.32347557681409733,0.36066821860352427,9820,148478400,0.6108917640930063
Electricity,96,24,30,0.0,0,1.0,31,720,0.1374520017292248,0.2325025222156749,5165,159164640,0.11598084740853078
Electricity,192,24,30,0.0,0,1.0,31,720,0.15083905681648607,0.24515298412319034,5069,312412608,0.12729969346335399
Electricity,336,24,30,0.0,0,1.0,31,720,0.16657366956187433,0.26237584887381704,4925,531190800,0.14268731817597072
Electricity,720,24,30,0.0,0,1.0,31,720,0.20542781176245908,0.29820821973186834,4541,1049515920,0.1747843275861225
Traffic,96,24,30,0.01,1,1.0,31,720,0.39124839993915744,0.2685548425106625,3413,282432576,0.32916451523230694
Traffic,192,24,30,0.01,1,1.0,31,720,0.4022855079015901,0.272783186435199,3317,548976768,0.33440958497995316
Traffic,336,24,30,0.01,1,1.0,31,720,0.4157424212273583,0.27991560861210646,3173,919002336,0.34857308541121707
Traffic,720,24,30,0.01,1,1.0,31,720,0.4547307358532611,0.30224329125698596,2789,1730964960,0.3958854346067855
Exchange,96,24,30,1000.0,1,28.0,31,720,0.08617307362353875,0.20516665735121012,1422,1092096,0.13170375691298566
Exchange,192,24,30,1000.0,1,28.0,31,720,0.18043710673889565,0.30320290207755596,1326,2036736,0.23497167118520787
Exchange,336,24,30,1000.0,1,28.0,31,720,0.33378341117716664,0.42086194782386344,1182,3177216,0.42096114438413323
Exchange,720,24,30,1000.0,1,28.0,31,720,0.9378098081133546,0.7237515968476763,798,4596480,1.246231709558936
